20210618034020899,0.0796829,0.0380012,-0.99596
20210618034020899,0.0796187,0.0371084,-0.99556
20210618034020899,0.0794145,0.0357829,-0.995253
20210618034020899,0.0796002,0.0380883,-0.99584
20210618034020911,0.0796268,0.037312,-0.99568
20210618034021013,0.0793943,0.0356968,-0.995781
20210618034021115,0.0795568,0.037818,-0.995672
20210618034021211,0.0797666,0.0377485,-0.995317
20210618034021313,0.0793796,0.0361692,-0.995712
20210618034021415,0.0795178,0.0373476,-0.995681
20210618034021511,0.0800722,0.0375929,-0.995617
20210618034021613,0.0795065,0.035962,-0.996221
20210618034021715,0.0792916,0.0372897,-0.995245
20210618034021811,0.0801753,0.0381323,-0.995912
20210618034021913,0.0795062,0.036443,-0.995476
20210618034022021,0.079178,0.0364716,-0.995417
20210618034022111,0.0801218,0.0383739,-0.995742
20210618034022213,0.0794522,0.0367837,-0.995598
20210618034022315,0.0792372,0.0362772,-0.995518
20210618034022411,0.0799999,0.038061,-0.995623
20210618034022513,0.0795775,0.0371374,-0.995757
20210618034022615,0.0796812,0.0360983,-0.995622
20210618034022711,0.0797137,0.0378537,-0.995506
20210618034022813,0.0794532,0.037059,-0.996007
20210618034022915,0.0798719,0.0360188,-0.995542
20210618034023011,0.0795788,0.0379618,-0.995576
20210618034023113,0.0795856,0.0368906,-0.99586
20210618034023215,0.0795631,0.0361953,-0.995274
20210618034023311,0.0797265,0.0380345,-0.995737
20210618034023413,0.0795463,0.0368744,-0.995795
20210618034023515,0.0793221,0.0366646,-0.995363
20210618034023611,0.0798369,0.0381578,-0.996112
20210618034023713,0.0791484,0.0367,-0.99552
20210618034023815,0.0799302,0.0362872,-0.995416
20210618034023911,0.0798019,0.0383994,-0.995698
20210618034024013,0.079612,0.037117,-0.995724
20210618034024115,0.0796298,0.0360521,-0.995576
20210618034024211,0.0791396,0.037767,-0.995761
20210618034024313,0.0801624,0.0375807,-0.995707
20210618034024415,0.0794616,0.0360097,-0.995863
20210618034024511,0.0792067,0.0370861,-0.995352
20210618034024715,0.0803561,0.0378369,-0.995889
20210618034024715,0.0794519,0.0362759,-0.995952
20210618034024811,0.0790056,0.0368502,-0.995274
20210618034024913,0.0801196,0.0385121,-0.996099
20210618034025015,0.0795835,0.0363086,-0.99566
20210618034025111,0.0794401,0.0364165,-0.995264
20210618034025213,0.0801136,0.0381532,-0.995929
20210618034025315,0.0796094,0.0362877,-0.995602
20210618034025411,0.0792447,0.0366189,-0.995342
20210618034025513,0.0799849,0.0381455,-0.996279
20210618034025615,0.0793679,0.0361046,-0.995794
20210618034025711,0.0794281,0.037374,-0.995136
20210618034025813,0.0800498,0.0377682,-0.996007
20210618034025915,0.0793249,0.0360852,-0.9958
20210618034026011,0.0794676,0.037283,-0.995328
20210618034026113,0.0799893,0.0378809,-0.995886
20210618034026215,0.0793486,0.0359668,-0.99544
20210618034026311,0.0797371,0.0375105,-0.995659
20210618034026413,0.0797508,0.0377038,-0.995742
20210618034026515,0.0794415,0.0356336,-0.995742
20210618034026611,0.0792436,0.0375392,-0.995369
20210618034026713,0.0799415,0.0381365,-0.995741
20210618034026815,0.0794503,0.0358471,-0.995909
20210618034026911,0.0797458,0.0368917,-0.995204
20210618034027013,0.0798028,0.0386512,-0.996023
20210618034027121,0.0795749,0.0363251,-0.99576
20210618034027214,0.0793889,0.0362165,-0.995214
20210618034027313,0.0799265,0.0382867,-0.996151
20210618034027415,0.0796384,0.0366053,-0.995517
20210618034027511,0.0795284,0.0365343,-0.995236
20210618034027613,0.0799615,0.0376908,-0.996192
20210618034027715,0.0794933,0.0367688,-0.995382
20210618034027811,0.0795846,0.0367521,-0.995568
20210618034027913,0.0796199,0.0377134,-0.995776
20210618034028015,0.0795527,0.0367957,-0.995531
20210618034028111,0.0797105,0.0368002,-0.99541
20210618034028213,0.079674,0.0378271,-0.995693
20210618034028315,0.0796992,0.0364396,-0.995757
20210618034028411,0.0797563,0.0365187,-0.99552
20210618034028513,0.0792613,0.0382511,-0.995671
20210618034028615,0.0799296,0.0368993,-0.995665
20210618034028711,0.0794815,0.0359521,-0.995486
20210618034028813,0.0796852,0.0379716,-0.995893
20210618034028915,0.0799302,0.0374508,-0.99572
20210618034029011,0.0793747,0.0357863,-0.995436
20210618034029113,0.0797399,0.0377835,-0.99619
20210618034029215,0.0796498,0.0376436,-0.995599
20210618034029311,0.0796739,0.0358383,-0.995497
20210618034029413,0.0796363,0.0375622,-0.995575
20210618034029515,0.0796392,0.0375243,-0.995574
20210618034029617,0.0796477,0.0359449,-0.995702
20210618034029718,0.0793353,0.037761,-0.995377
20210618034029815,0.079835,0.0373092,-0.995776
20210618034029917,0.0796732,0.0359113,-0.9956
20210618034030013,0.0795097,0.0380104,-0.995686
20210618034030115,0.0799693,0.0372881,-0.995891
20210618034030217,0.0792969,0.0359653,-0.995416
20210618034030313,0.0798248,0.0379464,-0.99584
20210618034030415,0.0795553,0.0375062,-0.995757
20210618034030517,0.0794334,0.0357906,-0.995613
20210618034030613,0.0800372,0.0376331,-0.995411
20210618034030715,0.0795957,0.0374384,-0.995883
20210618034030817,0.0794113,0.0356866,-0.995837
20210618034030912,0.0799025,0.0378589,-0.994994
20210618034031014,0.0796762,0.0373083,-0.996136
20210618034031116,0.0794244,0.0355899,-0.99583
20210618034031213,0.0800532,0.0380741,-0.995158
20210618034031314,0.0796309,0.0376619,-0.996193
20210618034031417,0.0789837,0.035741,-0.995291
20210618034031512,0.0794591,0.0375812,-0.996059
20210618034031615,0.0800143,0.0372275,-0.995889
20210618034031716,0.0795624,0.0361897,-0.994994
20210618034031813,0.079204,0.0378434,-0.996066
20210618034031915,0.0798823,0.0369042,-0.995486
20210618034032016,0.0796372,0.0356038,-0.995832
20210618034032113,0.0790352,0.0384225,-0.995735
20210618034032214,0.0803537,0.0373194,-0.995491
20210618034032316,0.0796813,0.0350567,-0.995198
20210618034032412,0.0793698,0.0388441,-0.995928
20210618034032514,0.080041,0.0378271,-0.995615
20210618034032616,0.0797085,0.0352216,-0.995419
20210618034032712,0.0793152,0.0376748,-0.996096
20210618034032814,0.0798905,0.037985,-0.99551
20210618034032916,0.0796546,0.0358216,-0.995605
20210618034033012,0.0793687,0.0372618,-0.995782
20210618034033114,0.0798523,0.0376495,-0.995502
20210618034033216,0.0796655,0.0366771,-0.995792
20210618034033312,0.0795319,0.0371563,-0.995689
20210618034033414,0.0791657,0.0360194,-0.995711
20210618034033516,0.0797657,0.0374017,-0.995641
20210618034033618,0.0799239,0.0382836,-0.995832
20210618034033714,0.079292,0.0359133,-0.995839
20210618034033816,0.0796879,0.036387,-0.995337
20210618034033918,0.0799471,0.0384876,-0.996113
20210618034034014,0.0793922,0.0365142,-0.995767
20210618034034116,0.0795906,0.0362666,-0.995076
20210618034034218,0.0798832,0.0380706,-0.995944
20210618034034314,0.0796986,0.03672,-0.995834
20210618034034416,0.0792769,0.0365672,-0.995259
20210618034034518,0.0798616,0.0377441,-0.995923
20210618034034614,0.0796852,0.0362396,-0.995629
20210618034034716,0.0794044,0.0370662,-0.995193
20210618034034824,0.0800248,0.0379031,-0.995986
20210618034034914,0.0793315,0.0361507,-0.995538
20210618034035016,0.0795593,0.0369363,-0.995473
20210618034035118,0.0799014,0.0381618,-0.995768
20210618034035214,0.079538,0.0361697,-0.995848
20210618034035316,0.079752,0.0370248,-0.995277
20210618034035418,0.07977,0.0379999,-0.995759
20210618034035514,0.0796091,0.0358857,-0.995982
20210618034035616,0.0794485,0.0370412,-0.995222
20210618034035718,0.0796197,0.037979,-0.995962
20210618034035814,0.0797314,0.0359809,-0.995822
20210618034035916,0.0794857,0.0371792,-0.995126
20210618034036018,0.0799341,0.0377869,-0.995941
20210618034036114,0.0795296,0.0359823,-0.995671
20210618034036216,0.0794287,0.0373296,-0.995451
20210618034036318,0.0799719,0.0377573,-0.995675
20210618034036414,0.0793748,0.0358804,-0.995644
20210618034036516,0.079731,0.0373288,-0.995445
20210618034036618,0.0798553,0.0378534,-0.995632
20210618034036714,0.0791141,0.0357989,-0.995858
20210618034036816,0.079804,0.0375188,-0.99543
20210618034036918,0.0796329,0.0375766,-0.995917
20210618034037014,0.07955,0.0354889,-0.995728
20210618034037116,0.0793093,0.037153,-0.995227
20210618034037218,0.0801594,0.038258,-0.995895
20210618034037314,0.079612,0.0358069,-0.996113
20210618034037518,0.0793154,0.0365118,-0.995037
20210618034037518,0.080159,0.0381004,-0.996166
20210618034037614,0.0793385,0.0366132,-0.995852
20210618034037716,0.0795081,0.0365628,-0.995246
20210618034037818,0.0801706,0.0379041,-0.995903
20210618034037914,0.0792714,0.0366661,-0.995812
20210618034038016,0.0795485,0.0368206,-0.995596
20210618034038118,0.0796496,0.0379523,-0.99564
20210618034038214,0.0795145,0.0361545,-0.99591
20210618034038316,0.0795188,0.037073,-0.995306
20210618034038418,0.0797499,0.0380079,-0.995842
20210618034038514,0.0796941,0.0360569,-0.995946
20210618034038616,0.0791639,0.0368612,-0.99504
20210618034038718,0.0800346,0.0382357,-0.996085
20210618034038814,0.0795308,0.0362236,-0.995761
20210618034038916,0.0794093,0.0368792,-0.995301
20210618034039018,0.0801338,0.0380078,-0.996079
20210618034039114,0.0792198,0.0361136,-0.995756
20210618034039216,0.0797533,0.0370045,-0.995546
20210618034039318,0.0798328,0.0379298,-0.995741
20210618034039414,0.07955,0.0359599,-0.995887
20210618034039516,0.079824,0.0372482,-0.995475
20210618034039618,0.0794025,0.0375837,-0.995561
20210618034039714,0.0796921,0.0359794,-0.99608
20210618034039816,0.079342,0.0373858,-0.995095
20210618034039924,0.079876,0.0378379,-0.995964
20210618034040014,0.0796554,0.0359884,-0.9958
20210618034040116,0.0795738,0.0374169,-0.995029
20210618034040218,0.0799183,0.0378918,-0.996229
20210618034040314,0.0793786,0.0357546,-0.995463
20210618034040416,0.079497,0.0374073,-0.995532
20210618034040518,0.0800613,0.0382235,-0.995614
20210618034040614,0.0792828,0.0357712,-0.995452
20210618034040716,0.0797174,0.0369953,-0.995501
20210618034040818,0.0798532,0.0380237,-0.995847
20210618034040914,0.0795327,0.0360636,-0.995817
20210618034041016,0.0794769,0.0373103,-0.995281
20210618034041118,0.0796937,0.037793,-0.995729
20210618034041214,0.0795897,0.036052,-0.995814
20210618034041316,0.079258,0.0368139,-0.995223
20210618034041418,0.0798623,0.0379064,-0.995801
20210618034041514,0.0796268,0.0357422,-0.995961
20210618034041616,0.0794664,0.0371566,-0.995167
20210618034041718,0.0798993,0.0381394,-0.995896
20210618034041814,0.079368,0.035537,-0.995764
20210618034041916,0.0798157,0.0372697,-0.995585
20210618034042018,0.0797578,0.037997,-0.995768
20210618034042114,0.0794469,0.0359667,-0.995792
20210618034042216,0.0797151,0.0372174,-0.99549
20210618034042318,0.0797824,0.0374478,-0.995797
20210618034042414,0.0791365,0.0357987,-0.99567
20210618034042522,0.0797427,0.0371711,-0.995975
20210618034042618,0.0801439,0.0378881,-0.99535
20210618034042714,0.0797361,0.0361561,-0.995371
20210618034042816,0.0780905,0.0366474,-0.995692
20210618034042918,0.0812261,0.0348845,-0.993959
20210618034043014,0.0786049,0.0363412,-0.995894
20210618034043116,0.0782843,0.0363877,-0.99512
20210618034043218,0.080657,0.0368379,-0.995527
20210618034043314,0.0791027,0.0358242,-0.99551
20210618034043416,0.0784389,0.0384913,-0.995734
20210618034043518,0.0807254,0.0372612,-0.995252
20210618034043614,0.0788805,0.0351434,-0.996412
20210618034043716,0.0790397,0.0383041,-0.995464
20210618034043818,0.0803469,0.0369585,-0.995376
20210618034043914,0.079229,0.0364007,-0.996217
20210618034044016,0.0793218,0.0376273,-0.995357
20210618034044118,0.0799916,0.0364569,-0.995985
20210618034044214,0.0807883,0.0380622,-0.996096
20210618034044316,0.0805836,0.036913,-0.996391
20210618034044418,0.0789328,0.0358502,-0.995643
20210618034044514,0.0778797,0.0374163,-0.995129
20210618034044616,0.0787512,0.0363104,-0.994817
20210618034044718,0.0790175,0.0378926,-0.995933
20210618034044814,0.0796795,0.0362788,-0.995405
20210618034044916,0.0793315,0.0362049,-0.995492
20210618034045018,0.0790216,0.0382909,-0.996243
20210618034045114,0.0789093,0.0356335,-0.99553
20210618034045216,0.0791471,0.0367618,-0.995315
20210618034045318,0.0794791,0.037918,-0.995818
20210618034045414,0.0789487,0.0356425,-0.995594
20210618034045516,0.0791034,0.0373688,-0.995656
20210618034045618,0.0788124,0.0355151,-0.99528
20210618034045714,0.0789332,0.0383484,-0.995798
20210618034045816,0.0798903,0.0379411,-0.995826
20210618034045918,0.0790533,0.0383315,-0.996243
20210618034046014,0.0792715,0.0371932,-0.995203
20210618034046118,0.0790495,0.0366918,-0.996505
20210618034046218,0.080201,0.0369894,-0.99531
20210618034046314,0.0795307,0.0366096,-0.995459
20210618034046416,0.0799742,0.0366465,-0.995538
20210618034046518,0.0803892,0.0357748,-0.995262
20210618034046614,0.0792865,0.0355921,-0.995339
20210618034046716,0.0796348,0.0344859,-0.99462
20210618034046818,0.0792734,0.0360461,-0.99596
20210618034046914,0.0796082,0.037115,-0.995758
20210618034047016,0.0793658,0.0352046,-0.994935
20210618034047118,0.0794904,0.0384433,-0.996125
20210618034047214,0.0799442,0.036103,-0.995823
20210618034047316,0.0785957,0.037353,-0.994287
20210618034047418,0.0806267,0.0357524,-0.995745
20210618034047514,0.078238,0.0376233,-0.995914
20210618034047622,0.0785651,0.0372162,-0.995438
20210618034047718,0.0802723,0.0366657,-0.996196
20210618034047814,0.0781138,0.0360557,-0.995635
20210618034047916,0.0786046,0.0376303,-0.996079
20210618034048018,0.0792908,0.0378193,-0.995174
20210618034048114,0.0795501,0.0353869,-0.995955
20210618034048216,0.0787171,0.0366634,-0.995311
20210618034048318,0.0901131,0.0373013,-0.994151
20210618034048414,0.0997869,0.0368555,-0.993704
20210618034048516,0.104087,0.0344201,-0.994515
20210618034048618,0.1084,0.035288,-0.994237
20210618034048714,0.112965,0.0333948,-0.992685
20210618034048816,0.116671,0.035307,-0.992377
20210618034048918,0.116256,0.0372299,-0.993449
20210618034049014,0.125941,0.0354815,-0.990797
20210618034049116,0.144509,0.0346323,-0.990605
20210618034049218,0.157368,0.0335183,-0.990781
20210618034049320,0.16469,0.0334792,-0.988758
20210618034049416,0.165379,0.0330036,-0.988201
20210618034049518,0.16641,0.0324153,-0.987916
20210618034049620,0.167851,0.0327612,-0.986675
20210618034049716,0.175357,0.0323055,-0.986966
20210618034049818,0.176325,0.0343361,-0.985109
20210618034049920,0.17838,0.0326028,-0.990179
20210618034050016,0.180103,0.0303549,-0.990054
20210618034050118,0.177415,0.0295418,-0.987054
20210618034050316,0.181478,0.0321538,-0.984059
20210618034050316,0.179383,0.0340155,-0.988072
20210618034050418,0.17365,0.0364423,-0.986722
20210618034050520,0.16551,0.0340033,-0.98687
20210618034050616,0.157408,0.0334398,-0.988915
20210618034050718,0.151768,0.0307452,-0.986416
20210618034050820,0.147868,0.0333001,-0.992813
20210618034050916,0.146461,0.0297902,-0.99695
20210618034051018,0.113592,0.029923,-0.997646
20210618034051120,0.0830912,0.0264172,-0.996303
20210618034051216,0.0655413,0.0216295,-0.992996
20210618034051318,0.0668301,0.0200453,-0.993995
20210618034051420,0.072278,0.0194165,-0.998029
20210618034051516,0.0695992,0.0197922,-0.995548
20210618034051618,0.0669723,0.0182579,-0.996437
20210618034051720,0.0672922,0.0158985,-0.994843
20210618034051816,0.0703487,0.0139778,-0.994272
20210618034051918,0.0673637,0.0173843,-0.997149
20210618034052020,0.0680402,0.0169927,-0.997772
20210618034052116,0.0658559,0.0141986,-1.0014
20210618034052218,0.074596,0.00451054,-0.994584
20210618034052323,0.0933128,0.00568133,-0.991859
20210618034052416,0.11033,0.00406513,-0.994305
20210618034052518,0.11966,0.00607237,-0.995689
20210618034052620,0.119527,0.00763362,-0.995896
20210618034052722,0.117757,-0.00109279,-0.991018
20210618034052818,0.118241,-0.00488195,-0.990648
20210618034052920,0.117556,-0.00696641,-0.993861
20210618034053016,0.114952,-0.0143713,-0.999692
20210618034053118,0.111378,-0.0136755,-0.997532
20210618034053220,0.111338,-0.0187529,-0.993276
20210618034053316,0.113434,-0.0212974,-0.997322
20210618034053418,0.111666,-0.0251219,-0.998987
20210618034053520,0.122522,-0.0202971,-0.986958
20210618034053616,0.125466,-0.0238129,-0.986905
20210618034053718,0.121753,-0.0433536,-0.992249
20210618034053820,0.118545,-0.0457895,-0.996177
20210618034053916,0.12032,-0.039956,-0.996885
20210618034054018,0.118905,-0.0461535,-0.998991
20210618034054120,0.108706,-0.0612307,-1.00282
20210618034054216,0.106882,-0.0724873,-0.998185
20210618034054318,0.111567,-0.0617382,-0.987803
20210618034054420,0.111588,-0.066538,-0.995981
20210618034054516,0.109339,-0.0728786,-0.997568
20210618034054618,0.112668,-0.0741362,-0.991515
20210618034054720,0.114593,-0.0735798,-0.986574
20210618034054816,0.112219,-0.0841286,-0.99204
20210618034054918,0.110095,-0.0811586,-1.00651
20210618034055020,0.109608,-0.0843538,-1.0059
20210618034055116,0.104539,-0.0959519,-1.00593
20210618034055218,0.0994941,-0.106637,-0.987586
20210618034055325,0.0999903,-0.109201,-0.975723
20210618034055416,0.0959827,-0.0899751,-0.989526
20210618034055518,0.0990495,-0.115353,-1.00705
20210618034055620,0.0993696,-0.0963487,-1.00182
20210618034055716,0.102501,-0.104053,-1.00075
20210618034055818,0.0997711,-0.104187,-0.989666
20210618034055920,0.0904429,-0.0989068,-1.01825
20210618034056016,0.0976736,-0.108456,-0.988881
20210618034056118,0.092729,-0.115394,-0.989069
20210618034056220,0.0959832,-0.113899,-0.977509
20210618034056316,0.0991575,-0.0931666,-0.987968
20210618034056418,0.0898233,-0.0902389,-0.995954
20210618034056519,0.0781103,-0.0900658,-0.994459
20210618034056615,0.0664164,-0.0819705,-0.99243
20210618034056717,0.0587552,-0.0729358,-1.00151
20210618034056819,0.0611659,-0.0555295,-0.998295
20210618034056916,0.0613912,-0.0590916,-0.987924
20210618034057018,0.0615722,-0.0442625,-0.978935
20210618034057119,0.0642903,-0.0552646,-0.970365
20210618034057216,0.0609048,-0.0601448,-0.973106
20210618034057317,0.0646564,-0.0452513,-0.978523
20210618034057419,0.0657915,-0.0257989,-0.981743
20210618034057515,0.0580784,0.00654748,-0.997859
20210618034057617,0.0497091,0.0165387,-0.971186
20210618034057719,0.0388399,0.0127959,-0.971233
20210618034057815,0.029707,-0.00333996,-0.969685
20210618034057917,0.0201998,-0.0106483,-0.964088
20210618034058020,0.0151087,-0.0101085,-0.968455
20210618034058116,0.0097752,0.00984107,-0.972702
20210618034058217,0.0102759,0.0138911,-0.978068
20210618034058319,0.0111967,0.0127815,-0.97601
20210618034058415,0.0103811,0.00604577,-0.980071
20210618034058517,0.00900751,0.0101567,-0.965092
20210618034058619,0.00764755,0.0114358,-0.95574
20210618034058715,0.00610697,0.017888,-0.964629
20210618034058818,0.00240504,0.0217988,-0.977416
20210618034058919,-0.00242489,0.027529,-0.977827
20210618034059016,-0.00511614,0.0237328,-0.976353
20210618034059117,-0.00627395,0.0129816,-0.968415
20210618034059219,-0.0125918,0.0166588,-0.957857
20210618034059315,-0.013402,0.0232624,-0.975633
20210618034059417,-0.0128399,0.0308854,-0.981025
20210618034059519,-0.0132728,0.0203691,-0.976598
20210618034059615,-0.0198712,0.0242101,-0.993263
20210618034059717,-0.0147833,0.0305044,-0.990558
20210618034059819,-0.0111986,0.0475464,-0.974903
20210618034059915,-0.0100472,0.0567978,-0.970093
20210618034100017,-0.00968463,0.0420342,-0.97645
20210618034100120,-0.00579524,0.0385363,-0.978992
20210618034100215,-0.0112397,0.0438207,-0.999464
20210618034100317,-0.0119337,0.0395025,-0.996799
20210618034100425,-0.0146652,0.0506402,-0.991666
20210618034100515,-0.0129009,0.0469826,-0.986984
20210618034100618,-0.0110665,0.0312677,-0.96912
20210618034100719,-0.0134614,0.0340109,-0.987249
20210618034100815,-0.0137273,0.0300679,-1.00857
20210618034100917,-0.00955121,0.048038,-0.999513
20210618034101019,-0.0107621,0.0378276,-0.997497
20210618034101115,-0.00995343,0.0340441,-0.983253
20210618034101217,-0.00859957,0.0459155,-0.993125
20210618034101319,-0.00671149,0.0393633,-0.999613
20210618034101415,-0.00729641,0.0468053,-0.997262
20210618034101517,-0.00543559,0.0357423,-0.993165
20210618034101619,-0.00367533,0.0403279,-0.982569
20210618034101715,-0.00362558,0.0481393,-0.990624
20210618034101817,-0.00323084,0.0517663,-0.99735
20210618034101919,-0.0052905,0.0441346,-0.995198
20210618034102015,-0.00535792,0.0475975,-0.982373
20210618034102117,-0.00619797,0.0508024,-0.998456
20210618034102219,-0.005342,0.0596172,-1.01025
20210618034102315,-0.0056607,0.0603786,-0.99746
20210618034102417,-0.00404761,0.0537531,-0.993555
20210618034102519,-0.0050689,0.0432943,-1.01023
20210618034102615,-0.0105666,0.0497837,-1.03442
20210618034102717,-0.0209615,0.0595398,-1.09396
20210618034102819,-0.00608043,0.0392642,-1.076
20210618034102915,-0.00149718,0.0582437,-1.08629
20210618034103119,0.00253806,0.0673249,-1.11595
20210618034103119,0.0144309,0.0802767,-1.10787
20210618034103215,0.0276932,0.0537688,-1.0648
20210618034103317,0.0250613,0.0536432,-1.04627
20210618034103419,0.0221782,0.0655943,-1.05186
20210618034103515,0.0180754,0.0415907,-1.01036
20210618034103617,0.0125813,0.0288445,-0.997773
20210618034103719,0.0108753,0.0342822,-1.00459
20210618034103815,0.00571042,0.0347688,-1.04451
20210618034103917,0.010434,0.0185438,-1.00859
20210618034104019,0.0165737,0.0113749,-1.01794
20210618034104115,0.0101765,0.0118535,-1.04589
20210618034104217,0.0203353,0.0247368,-1.03092
20210618034104319,0.0214468,0.00924064,-1.0229
20210618034104415,0.0131348,0.0146541,-1.01977
20210618034104517,0.0225268,0.00999384,-0.97613
20210618034104619,0.026472,0.0152892,-0.952134
20210618034104715,0.0137242,0.000825813,-0.980758
20210618034104817,0.0119643,-0.00988996,-0.972077
20210618034104919,0.0126998,-0.00780864,-0.926288
20210618034105015,0.00589482,-0.00637132,-0.969678
20210618034105117,0.00556225,-0.0126717,-1.01462
20210618034105219,0.00988074,-0.0236447,-1.00067
20210618034105315,0.00960169,-0.0130794,-1.00073
20210618034105417,0.0141307,-0.00857018,-1.01294
20210618034105525,0.0177925,-0.00160425,-1.02854
20210618034105615,0.0179196,0.01294,-1.00552
20210618034105717,0.0151976,0.00496075,-1.00028
20210618034105819,0.0216259,-0.00397399,-0.981519
20210618034105915,0.0465616,0.000920805,-0.994666
20210618034106017,0.0582614,0.0216932,-1.0002
20210618034106119,0.0695822,-0.0015373,-0.991102
20210618034106215,0.0654849,-0.0318007,-0.956659
20210618034106317,0.0502631,0.0363085,-0.984517
20210618034106419,0.070698,0.0481839,-1.02583
20210618034106515,0.0701041,-0.0244921,-1.00986
20210618034106617,0.0748411,-0.0223987,-0.988442
20210618034106719,0.0950417,0.0219095,-0.988878
20210618034106815,0.0979255,0.0285848,-1.01895
20210618034106917,0.0982931,0.0167171,-1.01912
20210618034107019,0.0915585,-0.00906205,-1.01285
20210618034107115,0.0921936,0.00625318,-1.00716
20210618034107217,0.0913724,0.0112518,-1.01382
20210618034107319,0.0908159,-0.00424974,-1.01284
20210618034107415,0.0881873,-0.0185999,-1.01921
20210618034107517,0.0873955,-0.00448612,-1.02391
20210618034107619,0.0883737,-0.00218397,-1.00885
20210618034107715,0.0878075,-0.0130034,-0.989371
20210618034107817,0.0788347,0.00302299,-1.00965
20210618034107919,0.081202,-0.000519585,-1.01315
20210618034108015,0.0811874,-0.00604966,-1.00086
20210618034108123,0.0780306,0.0034452,-0.992372
20210618034108219,0.0771919,0.00164135,-1.0087
20210618034108315,0.0757081,0.00304328,-1.00587
20210618034108417,0.0664344,0.0100226,-1.00188
20210618034108519,0.0540692,0.0130507,-1.01154
20210618034108615,0.0470846,0.0109155,-1.00029
20210618034108717,0.0472939,0.0138549,-1.00547
20210618034108819,0.0425565,0.00875903,-0.97963
20210618034108915,0.0354474,0.0225549,-1.00134
20210618034109017,0.0262579,0.0349387,-1.0227
20210618034109119,0.028737,0.0189321,-1.00943
20210618034109215,0.0252146,0.0400167,-1.01728
20210618034109317,0.0308345,0.0731793,-1.03471
20210618034109419,0.0354148,0.0735133,-1.02053
20210618034109515,0.0325851,0.102585,-1.01511
20210618034109617,0.0277421,0.0735602,-1.02106
20210618034109719,0.0257282,0.0586024,-0.994846
20210618034109815,0.0192854,0.0657055,-0.997158
20210618034109917,0.0173013,0.033651,-1.00302
20210618034110019,0.0194369,0.0183044,-0.996495
20210618034110115,0.0148051,0.0011739,-1.01614
20210618034110217,0.0165537,0.0129663,-1.00573
20210618034110319,0.0143425,0.00966243,-0.997788
20210618034110415,0.0120003,-0.000531632,-1.00046
20210618034110517,0.0135696,0.00861206,-1.00759
20210618034110619,0.0154207,0.00153184,-1.01754
20210618034110715,0.0166268,0.0202865,-0.990741
20210618034110817,0.0177829,0.0152008,-0.965387
20210618034110919,0.0144766,-0.00105476,-0.993339
20210618034111015,0.0136137,0.0135304,-1.00822
20210618034111117,0.0135176,0.0240214,-0.983807
20210618034111219,0.0156634,0.012311,-0.974895
20210618034111315,0.0154509,0.00673636,-1.01491
20210618034111417,0.0144694,0.00574146,-1.02364
20210618034111519,0.0173331,-0.00082219,-1.00922
20210618034111615,0.0163685,-0.00800872,-0.993319
20210618034111717,0.0119944,0.0194907,-1.02541
20210618034111819,0.0173314,-0.0197366,-1.03321
20210618034111915,0.0156122,-0.0157324,-0.991278
20210618034112017,0.0159469,-0.00374034,-0.998559
20210618034112119,0.0205633,0.00202364,-1.01739
20210618034112215,0.0233753,0.0142696,-1.00319
20210618034112317,0.0278921,-0.00793994,-0.989154
20210618034112419,0.0321405,-0.00152359,-0.992097
20210618034112515,0.0283305,0.0127875,-1.00906
20210618034112617,0.0325819,-0.00357567,-1.02694
20210618034112719,0.0360582,-0.0175706,-1.00708
20210618034112815,0.0394041,0.00432888,-0.978281
20210618034112917,0.039543,0.0124611,-0.983519
20210618034113019,0.0370708,0.00999253,-0.986863
20210618034113115,0.0281285,-0.000383322,-1.00456
20210618034113223,0.0194983,0.018483,-0.997185
20210618034113319,0.0186234,0.0332057,-0.989829
20210618034113415,0.0224249,0.0272536,-0.986965
20210618034113517,0.0255155,0.0201473,-1.01038
20210618034113619,0.0253131,0.00318963,-1.0151
20210618034113715,0.0252474,0.0250638,-0.983718
20210618034113817,0.0194346,0.0205181,-0.992885
20210618034113919,0.0176579,0.0433333,-1.01322
20210618034114015,0.0128157,0.0302985,-1.03664
20210618034114117,0.0202428,-0.00476434,-1.00348
20210618034114219,0.0243563,-0.0188803,-1.00343
20210618034114315,0.0305415,0.0565295,-1.03115
20210618034114417,0.0422593,0.0450788,-1.02745
20210618034114519,0.0428368,0.00495595,-0.996901
20210618034114615,0.0413459,-0.0123391,-0.98074
20210618034114717,0.0384967,0.00544396,-0.988112
20210618034114819,0.0374063,0.0202186,-0.995695
20210618034114915,0.0355693,0.0241707,-0.993111
20210618034115017,0.0347432,0.00753374,-0.981887
20210618034115119,0.036439,0.00861184,-0.978256
20210618034115215,0.0389947,0.0093708,-0.987369
20210618034115317,0.0338022,0.0252845,-1.0072
20210618034115419,0.0287062,-0.0260243,-1.03916
20210618034115515,0.0316078,-0.0199959,-1.01531
20210618034115617,0.0378414,0.012237,-0.975148
20210618034115719,0.041617,0.0505158,-0.943815
20210618034115917,0.034715,0.00555003,-1.00418
20210618034115917,0.0364864,-0.035795,-1.02664
20210618034116019,0.0289544,-0.0220917,-1.00418
20210618034116115,0.032575,0.0180142,-0.988224
20210618034116217,0.0321536,0.0455644,-0.981205
20210618034116319,0.0315105,0.00779213,-1.00267
20210618034116415,0.0327861,-0.0113465,-1.01794
20210618034116517,0.0370058,-0.00795382,-1.02115
20210618034116619,0.0385262,0.0254313,-0.996114
20210618034116715,0.0390706,0.0135792,-0.975461
20210618034116817,0.0389365,0.00396264,-1.00087
20210618034116919,0.0355858,0.00521527,-1.01202
20210618034117015,0.0326723,-0.00135431,-0.995906
20210618034117117,0.0326944,0.00917665,-0.984141
20210618034117219,0.0279599,0.0148152,-1.00079
20210618034117315,0.0279455,0.00995651,-1.02284
20210618034117417,0.0315156,0.00867227,-1.00808
20210618034117519,0.0325119,0.0151478,-0.996391
20210618034117615,0.0372621,0.0376708,-0.980754
20210618034117717,0.0362834,0.035384,-1.00634
20210618034117819,0.0348577,0.0353254,-1.02227
20210618034117915,0.0349109,0.0459567,-1.01014
20210618034118017,0.0339876,0.0531003,-1.00126
20210618034118119,0.0329915,0.0330299,-0.985405
20210618034118215,0.0340406,0.0258919,-0.995527
20210618034118323,0.0336947,0.0313857,-1.01988
20210618034118419,0.0345048,0.0351041,-1.0141
20210618034118517,0.0365394,0.0459438,-0.999396
20210618034118617,0.03443,0.0399338,-0.996769
20210618034118719,0.0358772,0.031828,-1.00322
20210618034118815,0.037304,0.0378558,-0.999909
20210618034118917,0.0360658,0.0250052,-1.00094
20210618034119019,0.0313709,0.0236507,-1.0146
20210618034119115,0.0293873,0.0235659,-1.00134
20210618034119217,0.0298351,0.0215519,-0.999727
20210618034119319,0.0305367,0.0363192,-1.00043
20210618034119415,0.0361385,0.0486442,-0.984339
20210618034119517,0.0385544,0.05016,-0.987364
20210618034119619,0.0377497,0.0257473,-0.997727
20210618034119715,0.0371976,0.0126,-1.00586
20210618034119817,0.0348351,0.0176191,-1.01036
20210618034119919,0.0288617,0.0396238,-0.98689
20210618034120018,0.0313991,0.0359344,-0.978432
20210618034120117,0.0280048,0.0148998,-0.984817
20210618034120219,0.024342,-0.00538844,-1.00635
20210618034120318,0.0253386,-0.00138499,-1.00272
20210618034120417,0.0238283,0.0146558,-1.00052
20210618034120519,0.0288156,0.0287875,-1.00958
20210618034120615,0.0271403,0.0190849,-1.01184
20210618034120716,0.0295687,0.00629378,-1.00149
20210618034120819,0.0266325,-0.0194692,-1.00134
20210618034120921,0.0280442,-0.00213079,-0.988599
20210618034121017,0.0450488,0.00500348,-0.996046
20210618034121118,0.0568512,0.0100906,-1.00327
20210618034121215,0.062117,0.0071821,-0.994633
20210618034121317,0.0635707,-0.00610601,-0.989105
20210618034121419,0.0398572,-0.0418984,-1.00976
20210618034121520,0.0382762,-0.0473581,-1.00977
20210618034121616,0.0401745,-0.0593657,-1.01018
20210618034121719,0.0433191,-0.0610655,-1.00136
20210618034121820,0.0406164,-0.0488228,-0.990387
20210618034121916,0.0379482,-0.0560302,-0.983557
20210618034122018,0.0239552,-0.0824577,-1.01106
20210618034122120,0.0270838,-0.108274,-1.01121
20210618034122216,0.0214085,-0.142598,-1.01771
20210618034122318,0.0190517,-0.129415,-0.997058
20210618034122420,0.0125894,-0.151193,-0.999668
20210618034122516,0.00773592,-0.159309,-1.00251
20210618034122618,0.00754812,-0.151536,-1.00365
20210618034122720,0.00742607,-0.153714,-0.996723
20210618034122816,0.00522573,-0.158193,-1.002
20210618034122918,0.000606839,-0.164313,-1.0085
20210618034123020,-0.00879716,-0.192374,-1.01052
20210618034123116,-0.0140703,-0.208065,-0.99434
20210618034123218,-0.0132405,-0.211799,-0.99686
20210618034123320,-0.00790974,-0.209195,-0.997082
20210618034123416,-0.00166177,-0.187609,-1.00167
20210618034123518,0.00354234,-0.171621,-1.00638
20210618034123620,0.00312687,-0.172197,-1.01322
20210618034123717,0.00186924,-0.18173,-1.01766
20210618034123818,-0.000719522,-0.194946,-1.00821
20210618034123920,-0.0033626,-0.205187,-0.999986
20210618034124016,-0.00404695,-0.211604,-0.999913
20210618034124118,0.00415495,-0.18577,-1.0052
20210618034124220,0.013282,-0.172952,-0.998718
20210618034124316,0.0241732,-0.176834,-1.0011
20210618034124418,0.0322126,-0.179861,-1.00327
20210618034124520,0.0253458,-0.169627,-1.00989
20210618034124618,0.0208116,-0.161424,-1.01919
20210618034124718,0.0153091,-0.168986,-1.00696
20210618034124820,0.0125932,-0.171509,-0.99226
20210618034124916,0.0146641,-0.165402,-0.990458
20210618034125022,0.0185979,-0.161091,-0.987519
20210618034125120,0.0161579,-0.14482,-1.00533
20210618034125216,0.0162675,-0.149231,-1.00728
20210618034125318,0.0172182,-0.137977,-0.998502
20210618034125420,0.017586,-0.139124,-1.00947
20210618034125516,0.0135718,-0.137452,-1.01377
20210618034125618,0.0170671,-0.127281,-0.999362
20210618034125720,0.0202248,-0.127671,-0.984666
20210618034125823,0.0219947,-0.124395,-0.986544
20210618034125918,0.0196102,-0.128007,-1.00066
20210618034126026,0.0197323,-0.121631,-1.01244
20210618034126116,0.0232021,-0.108132,-1.01242
20210618034126218,0.0221313,-0.101158,-1.00826
20210618034126320,0.0219086,-0.106021,-0.999955
20210618034126416,0.0225197,-0.112603,-0.995588
20210618034126518,0.0246196,-0.0924542,-0.994237
20210618034126620,0.0281026,-0.0876501,-0.999783
20210618034126716,0.0263175,-0.0774674,-1.01036
20210618034126818,0.0231288,-0.0736044,-1.00786
20210618034126920,0.0225922,-0.0717257,-0.995998
20210618034127016,0.0231951,-0.0618367,-0.999212
20210618034127118,0.027344,-0.0518476,-0.997726
20210618034127220,0.0278228,-0.0450568,-1.00581
20210618034127316,0.0292854,-0.044193,-0.996601
20210618034127418,0.0261527,-0.035998,-1.00073
20210618034127520,0.0246285,-0.0311547,-0.99915
20210618034127616,0.0289469,-0.0220648,-0.998377
20210618034127718,0.0343976,-0.013265,-0.999072
20210618034127820,0.0367426,-0.00854441,-0.997928
20210618034127916,0.0326641,-0.0124337,-1.00394
20210618034128018,0.026439,-0.0056501,-1.00361
20210618034128120,0.0216237,0.00567275,-0.997855
20210618034128216,0.00675838,0.0135223,-0.999965
20210618034128318,-0.00161796,0.0186447,-1.00104
20210618034128420,0.030237,0.0161736,-1.0055
20210618034128516,0.0490918,0.0118162,-0.999399
20210618034128720,0.0573679,0.0109757,-0.992311
20210618034128720,0.0568173,0.0118809,-0.994406
20210618034128816,0.058047,0.00984042,-0.997886
20210618034128918,0.0627218,0.0107193,-0.998111
20210618034129020,0.0637997,0.0201669,-0.998513
20210618034129116,0.0652301,0.0238794,-0.995934
20210618034129218,0.0784353,0.0188203,-0.990406
20210618034129320,0.101211,0.0180452,-0.989883
20210618034129416,0.130769,0.014748,-0.989874
20210618034129518,0.165298,0.010936,-0.99021
20210618034129620,0.188675,0.0117741,-0.990635
20210618034129716,0.195002,0.00202227,-0.991296
20210618034129818,0.190693,-0.0135253,-0.988133
20210618034129920,0.19523,-0.0285373,-0.986541
20210618034130016,0.210306,-0.0306176,-0.982695
20210618034130118,0.226639,-0.0286123,-0.983869
20210618034130220,0.229812,-0.03255,-0.989366
20210618034130316,0.224107,-0.0455599,-0.987666
20210618034130418,0.222308,-0.0528902,-0.980106
20210618034130520,0.21705,-0.0482641,-0.979179
20210618034130616,0.20984,-0.052669,-0.981636
20210618034130718,0.207479,-0.0455088,-0.978343
20210618034130820,0.208858,-0.0391633,-0.989696
20210618034130922,0.205186,-0.0451068,-0.993697
20210618034131018,0.195021,-0.0501658,-0.987595
20210618034131126,0.193013,-0.0682411,-0.986659
20210618034131222,0.195303,-0.0742896,-0.979683
20210618034131318,0.19629,-0.0636692,-0.984906
20210618034131420,0.200047,-0.053547,-0.996074
20210618034131522,0.201166,-0.0531729,-0.990479
20210618034131618,0.201042,-0.053422,-0.991367
20210618034131720,0.201189,-0.0487683,-0.998079
20210618034131822,0.205676,-0.0488936,-0.987795
20210618034131918,0.207815,-0.032114,-0.988458
20210618034132020,0.206963,-0.00826159,-1.00548
20210618034132122,0.206638,-0.00317923,-0.993981
20210618034132218,0.198485,-0.00904832,-0.984851
20210618034132320,0.190667,-0.00234789,-0.978661
20210618034132422,0.178027,0.0128069,-0.984438
20210618034132524,0.164189,0.0116518,-0.998121
20210618034132620,0.14409,0.0182555,-0.998835
20210618034132722,0.127901,0.0166693,-0.995837
20210618034132824,0.117156,0.0271278,-1.00112
20210618034132920,0.111558,0.0356237,-0.993958
20210618034133022,0.109052,0.032395,-0.996008
20210618034133124,0.103205,0.0444634,-0.997937
20210618034133220,0.0927312,0.0403515,-1.0083
20210618034133322,0.0932417,0.0537767,-1.0082
20210618034133424,0.0936203,0.0698003,-0.991326
20210618034133520,0.0938501,0.0649728,-0.978357
20210618034133622,0.0944012,0.0655101,-0.973438
20210618034133730,0.0964529,0.0495911,-1.00882
20210618034133820,0.0928097,0.0676575,-1.01222
20210618034133922,0.0950993,0.0718996,-0.991646
20210618034134024,0.111085,0.0514239,-0.977002
20210618034134120,0.124404,0.0627764,-0.975364
20210618034134222,0.134032,0.0651535,-1.00936
20210618034134324,0.148391,0.0711277,-0.999674
20210618034134420,0.15794,0.061035,-0.978203
20210618034134522,0.163426,0.0642078,-0.98325
20210618034134624,0.167188,0.0634467,-0.992719
20210618034134720,0.167634,0.0656467,-0.995486
20210618034134822,0.169206,0.0793541,-0.9945
20210618034134924,0.170708,0.0876901,-0.98865
20210618034135026,0.174157,0.0836483,-0.989668
20210618034135122,0.166798,0.0759633,-0.978494
20210618034135224,0.162863,0.0935957,-0.99364
20210618034135326,0.149485,0.115667,-0.995389
20210618034135423,0.131667,0.113935,-0.988126
20210618034135524,0.119694,0.101204,-0.974782
20210618034135626,0.11933,0.0950639,-0.98922
20210618034135722,0.11982,0.0932694,-0.984168
20210618034135824,0.119831,0.0890678,-0.988824
20210618034135926,0.121152,0.0829361,-1.00339
20210618034136022,0.123743,0.0769697,-1.00988
20210618034136124,0.123342,0.0746324,-1.00472
20210618034136226,0.125251,0.0705486,-1.00697
20210618034136322,0.128012,0.0772016,-1.00213
20210618034136424,0.128223,0.0802006,-0.982213
20210618034136526,0.125452,0.0837221,-0.975719
20210618034136622,0.122134,0.0927605,-1.00965
20210618034136724,0.124139,0.0793867,-0.991848
20210618034136826,0.119216,0.0752872,-0.958717
20210618034136922,0.121576,0.0893993,-0.969947
20210618034137024,0.121099,0.115008,-1.003
20210618034137126,0.121676,0.0955955,-0.98936
20210618034137222,0.116682,0.104691,-0.958347
20210618034137324,0.102696,0.110037,-0.974019
20210618034137426,0.0752333,0.097629,-0.999814
20210618034137522,0.0675517,0.100633,-0.990837
20210618034137624,0.0779082,0.102675,-0.969279
20210618034137726,0.0725926,0.0902894,-0.989253
20210618034137822,0.0609882,0.0850663,-1.01624
20210618034137924,0.0524173,0.0871401,-0.995308
20210618034138026,0.0642728,0.0859355,-0.964761
20210618034138122,0.0753718,0.0925322,-0.973451
20210618034138224,0.0607501,0.0976566,-1.03586
20210618034138326,0.0670232,0.0696616,-1.05457
20210618034138422,0.0732739,0.046152,-0.997776
20210618034138524,0.101995,0.0716909,-0.952844
20210618034138626,0.0918075,0.0756521,-1.01466
20210618034138722,0.107157,0.0192868,-1.02511
20210618034138830,0.117626,0.0240409,-1.00008
20210618034138926,0.114347,0.0483482,-0.994336
20210618034139022,0.117977,0.0231695,-0.997734
20210618034139124,0.12559,0.0138087,-0.991603
20210618034139226,0.131043,0.0232658,-0.984857
20210618034139322,0.135458,0.0169847,-0.988024
20210618034139424,0.13571,0.013268,-0.976754
20210618034139526,0.131343,0.0307086,-0.980469
20210618034139622,0.134273,0.0302647,-1.00225
20210618034139724,0.134643,0.0334878,-0.991198
20210618034139826,0.138889,0.0360992,-0.97462
20210618034139922,0.136858,0.0450369,-0.996187
20210618034140024,0.138433,0.0430107,-1.01712
20210618034140126,0.139498,0.0589162,-1.00376
20210618034140222,0.140064,0.0467991,-0.974209
20210618034140324,0.13769,0.0414718,-0.966949
20210618034140426,0.134554,0.065793,-0.997366
20210618034140522,0.138823,0.0619681,-1.00479
20210618034140624,0.132101,0.043627,-0.986578
20210618034140726,0.124266,0.0306199,-0.992406
20210618034140822,0.12013,0.0577849,-1.00816
20210618034140924,0.116523,0.0434954,-1.00524
20210618034141026,0.110352,0.0309048,-0.999905
20210618034141122,0.108789,0.0309815,-1.00474
20210618034141224,0.103746,0.0374775,-0.99949
20210618034141326,0.102418,0.0415014,-0.987747
20210618034141524,0.100762,0.0259311,-0.969149
20210618034141524,0.0990737,0.0413188,-0.994543
20210618034141626,0.0978522,0.0442571,-1.00571
20210618034141722,0.0978269,0.0330687,-0.975402
20210618034141824,0.0965629,0.0547753,-0.966582
20210618034141926,0.0952674,0.0452731,-0.991075
20210618034142022,0.0951835,0.0430411,-1.01349
20210618034142124,0.0958181,0.0287368,-1.00616
20210618034142226,0.0975727,0.0318885,-0.982731
20210618034142322,0.103591,0.0243065,-0.968129
20210618034142424,0.102911,-0.0111395,-0.980925
20210618034142526,0.0975564,-0.0192237,-0.989396
20210618034142622,0.0977457,-0.033165,-0.98566
20210618034142724,0.0954384,-0.0380331,-1.01096
20210618034142826,0.0991963,-0.0286798,-1.01124
20210618034142922,0.0983109,-0.045383,-1.02878
20210618034143024,0.101291,-0.0570079,-1.0487
20210618034143126,0.102443,-0.0441234,-1.04318
20210618034143222,0.105438,-0.0447622,-1.03145
20210618034143324,0.11026,-0.0301634,-1.03515
20210618034143426,0.111514,-0.0111625,-1.01888
20210618034143522,0.110499,-0.0282987,-0.986443
20210618034143624,0.105834,-0.00958918,-0.978721
20210618034143726,0.0990732,0.02287,-0.992109
20210618034143828,0.0948573,0.0109844,-0.974289
20210618034143929,0.077902,0.0123678,-0.985263
20210618034144026,0.0766604,0.0155401,-0.98778
20210618034144128,0.0773122,-0.00907933,-1.01056
20210618034144224,0.0758733,-0.00687526,-1.0079
20210618034144326,0.0794486,-0.0174588,-1.00253
20210618034144428,0.0819696,-0.0286922,-1.001
20210618034144524,0.0831507,-0.0340585,-1.00435
20210618034144626,0.0842046,-0.0350531,-0.994272
20210618034144728,0.0885958,-0.0222534,-0.981051
20210618034144824,0.091041,-0.021577,-0.986367
20210618034144926,0.0887622,-0.0231495,-1.02282
20210618034145028,0.0918844,-0.0281761,-1.01202
20210618034145124,0.0972664,-0.0222382,-0.987852
20210618034145226,0.0982184,-0.0183154,-0.995551
20210618034145328,0.105873,-0.0320536,-1.02166
20210618034145424,0.11105,-0.0294275,-1.02019
20210618034145525,0.11091,-0.0210809,-1.00132
20210618034145628,0.113701,-0.0229641,-1.00866
20210618034145724,0.116125,-0.0434459,-1.03201
20210618034145825,0.118159,-0.062978,-1.02951
20210618034145928,0.12739,-0.0516871,-1.01043
20210618034146024,0.136523,-0.0317244,-0.972892
20210618034146125,0.10977,-0.0615162,-0.971048
20210618034146228,0.0783553,-0.0222205,-1.01634
20210618034146324,0.0856548,-0.0639568,-1.02345
20210618034146425,0.0709551,-0.0520127,-0.956359
20210618034146533,0.0390649,-0.0148148,-0.989569
20210618034146624,0.066586,-0.0319778,-1.013
20210618034146726,0.070367,-0.0469911,-0.992404
20210618034146827,0.0657802,-0.0392022,-0.982683
20210618034146924,0.0483998,-0.0355506,-0.999273
20210618034147025,0.0597126,-0.0190556,-0.988263
20210618034147127,0.0741181,-0.00600331,-0.994644
20210618034147224,0.0874406,-0.0194834,-1.0001
20210618034147326,0.0839737,-0.0180567,-1.0101
20210618034147427,0.100453,-0.0209913,-0.989234
20210618034147524,0.112259,0.00643526,-0.964606
20210618034147625,0.116667,-0.0226138,-1.00187
20210618034147727,0.118969,-0.032054,-1.03054
20210618034147823,0.128105,-0.0206887,-1.00455
20210618034147925,0.136464,0.00599527,-0.943624
20210618034148027,0.137322,-0.00928419,-0.993009
20210618034148124,0.150502,-0.0265473,-1.02167
20210618034148225,0.150305,-0.0252823,-1.01083
20210618034148327,0.157196,-0.00976257,-0.968113
20210618034148429,0.162145,-0.00375544,-0.959755
20210618034148525,0.156649,-1.58239e-05,-0.986948
20210618034148627,0.153791,-0.0224433,-0.987992
20210618034148729,0.1526,-0.00307586,-0.978811
20210618034148825,0.154565,-0.00369435,-0.963649
20210618034148927,0.149797,0.00245374,-0.980683
20210618034149029,0.146457,0.00272489,-0.997981
20210618034149125,0.143603,0.00266222,-0.994935
20210618034149227,0.141932,-0.00729511,-1.00125
20210618034149329,0.139023,0.00674423,-1.01567
20210618034149425,0.143097,0.018792,-0.998184
20210618034149527,0.145165,0.0248477,-0.993619
20210618034149629,0.147337,0.00845005,-0.99398
20210618034149725,0.143105,0.0119264,-1.01545
20210618034149827,0.14555,0.0111377,-0.987509
20210618034149929,0.145301,0.0313188,-0.974207
20210618034150025,0.14681,0.0165547,-0.95917
20210618034150127,0.146126,0.0174573,-0.94133
20210618034150229,0.141997,0.00377872,-0.9755
20210618034150325,0.142265,0.0253872,-0.989068
20210618034150427,0.13667,0.0201115,-0.995141
20210618034150529,0.141474,0.0242843,-0.947026
20210618034150625,0.139923,0.032433,-0.975759
20210618034150727,0.14334,0.0358118,-0.994833
20210618034150829,0.141832,0.0259181,-1.0096
20210618034150925,0.153882,0.0169297,-0.971265
20210618034151027,0.148834,0.0356687,-0.97329
20210618034151129,0.145047,0.0322505,-0.97411
20210618034151225,0.14442,0.0314237,-0.978927
20210618034151327,0.141027,0.0288751,-0.991912
20210618034151429,0.14213,0.0243931,-0.997059
20210618034151525,0.144119,0.0275574,-0.980111
20210618034151633,0.1428,0.0127234,-0.986511
20210618034151729,0.145486,0.0103536,-0.998716
20210618034151831,0.147488,0.0164859,-0.998752
20210618034151927,0.15149,0.0267848,-0.988871
20210618034152029,0.14902,0.0180514,-0.990601
20210618034152131,0.148578,0.0209706,-0.990732
20210618034152227,0.149683,0.018288,-0.985795
20210618034152329,0.151954,0.0226087,-0.988611
20210618034152431,0.149584,0.0208862,-0.983836
20210618034152527,0.14859,0.0095243,-0.994066
20210618034152629,0.150987,0.00531704,-0.993371
20210618034152731,0.150982,0.00335758,-0.982482
20210618034152827,0.151049,0.00558499,-0.983775
20210618034152929,0.150059,0.00376728,-0.989549
20210618034153031,0.1476,0.00219158,-0.975373
20210618034153127,0.147657,0.000727928,-0.981834
20210618034153229,0.148846,0.00457023,-0.990115
20210618034153331,0.14649,0.00273745,-0.991664
20210618034153427,0.148932,-0.000973149,-0.984911
20210618034153529,0.149191,0.00359642,-0.989107
20210618034153631,0.149288,-0.0102028,-0.990864
20210618034153727,0.147363,-0.00525624,-0.989314
20210618034153829,0.14773,0.00463172,-0.988007
20210618034153931,0.146638,0.0115567,-0.987044
20210618034154027,0.148399,0.00538081,-0.983085
20210618034154129,0.148665,0.000958388,-0.99161
20210618034154327,0.148902,-0.00100725,-1.00121
20210618034154328,0.14934,-0.000433562,-1.00893
20210618034154431,0.151069,0.000978583,-0.982513
20210618034154531,0.149488,0.00142663,-0.983003
20210618034154627,0.147593,-0.00604244,-0.998009
20210618034154729,0.141939,-0.00942913,-0.997368
20210618034154831,0.139327,-0.00915458,-0.98392
20210618034154933,0.137694,-0.00412561,-0.974422
20210618034155029,0.135967,-0.0120095,-0.98947
20210618034155131,0.126738,-0.00897201,-1.005
20210618034155233,0.117851,-0.0113605,-0.97585
20210618034155329,0.107869,-0.00994195,-0.979005
20210618034155431,0.0980275,-0.005344,-0.986433
20210618034155533,0.0817064,-0.0157,-0.997438
20210618034155629,0.0744325,-0.0221628,-1.00081
20210618034155731,0.0677648,-0.0139071,-0.996221
20210618034155833,0.066916,-0.0192051,-0.989382
20210618034155929,0.0667057,-0.0163509,-0.999954
20210618034156031,0.0680101,-0.00900588,-1.00253
20210618034156133,0.0781369,-0.00396855,-0.985181
20210618034156229,0.082937,0.00144481,-0.993215
20210618034156331,0.0745632,0.0016365,-0.99314
20210618034156433,0.0941746,-0.00412141,-0.981093
20210618034156529,0.087044,-0.00279109,-0.98413
20210618034156631,0.0908892,-0.00416693,-1.01694
20210618034156739,0.105943,-8.85395e-05,-0.996695
20210618034156829,0.0983012,0.0109526,-0.985539
20210618034156931,0.108385,0.00519982,-1.00247
20210618034157033,0.107564,0.00392831,-1.00955
20210618034157129,0.0999127,0.00365096,-1.0009
20210618034157231,0.113694,0.00379608,-0.991428
20210618034157333,0.10219,0.00576065,-0.998146
20210618034157429,0.0779244,0.000332763,-1.00028
20210618034157531,0.0709573,0.0163788,-0.995967
20210618034157633,0.0704341,0.0177562,-0.992609
20210618034157729,0.0777779,0.0174007,-1.00774
20210618034157831,0.0589063,0.0195732,-0.997214
20210618034157933,0.0408155,0.0244745,-0.993797
20210618034158029,0.0212507,0.0172477,-0.995652
20210618034158131,0.0170275,0.0103184,-1.00626
20210618034158233,0.00476761,0.0188956,-1.00399
20210618034158329,0.00295999,0.0165045,-0.999241
20210618034158434,-0.00996241,0.0221055,-0.989578
20210618034158533,-0.0277984,0.0111803,-1.00745
20210618034158629,-0.0301177,0.0141847,-1.00865
20210618034158731,-0.0359054,0.017129,-1.01367
20210618034158833,-0.04079,0.0277744,-1.00117
20210618034158929,-0.0345597,0.0347997,-0.999631
20210618034159031,-0.0323808,0.0343434,-0.99473
20210618034159133,-0.033648,0.0503005,-0.996543
20210618034159229,-0.0384997,0.0629288,-1.00527
20210618034159337,-0.0417435,0.0642256,-1.02535
20210618034159433,-0.0408484,0.0674435,-1.00526
20210618034159529,-0.0380637,0.0741213,-1.00858
20210618034159631,-0.0311104,0.092329,-0.998938
20210618034159733,-0.00567726,0.11305,-0.99211
20210618034159829,0.0361209,0.133766,-0.963195
20210618034159931,0.0517075,0.147547,-0.970284
20210618034200033,0.0478409,0.1388,-1.00203
20210618034200129,0.0456984,0.129493,-1.00676
20210618034200231,0.0365007,0.149271,-1.01474
20210618034200333,0.0283007,0.146038,-1.02793
20210618034200429,0.0326782,0.141347,-0.983902
20210618034200531,0.0330789,0.152739,-0.952616
20210618034200633,0.0242993,0.176587,-0.985026
20210618034200729,0.0231621,0.184098,-1.03667
20210618034200831,0.0314018,0.178734,-1.03597
20210618034200933,0.0383631,0.180594,-1.0026
20210618034201029,0.0374326,0.187631,-0.99774
20210618034201131,0.0391264,0.17989,-1.00499
20210618034201233,0.032537,0.206647,-1.01149
20210618034201329,0.0174268,0.251303,-1.01489
20210618034201431,0.0111681,0.2566,-1.01139
20210618034201533,0.0236073,0.226802,-0.990915
20210618034201629,0.0295944,0.191414,-0.988497
20210618034201731,0.0250852,0.203142,-1.01163
20210618034201833,0.0348217,0.202385,-1.00576
20210618034201929,0.0606337,0.186921,-0.985304
20210618034202031,0.0777425,0.160641,-0.977007
20210618034202133,0.0894357,0.14905,-0.988758
20210618034202229,0.0901869,0.158842,-1.00151
20210618034202331,0.0937352,0.152506,-0.9929
20210618034202433,0.102029,0.12422,-0.97094
20210618034202529,0.117887,0.116949,-0.970902
20210618034202631,0.127673,0.125548,-0.979442
20210618034202733,0.130891,0.12479,-0.987891
20210618034202829,0.133912,0.128549,-0.988
20210618034202931,0.139107,0.117096,-0.979438
20210618034203033,0.146631,0.110233,-0.975611
20210618034203129,0.152646,0.110043,-0.979561
20210618034203231,0.157465,0.101767,-0.982998
20210618034203333,0.160397,0.104347,-0.978235
20210618034203429,0.170037,0.104263,-0.979463
20210618034203531,0.159493,0.0999275,-0.979911
20210618034203633,0.164417,0.0943589,-0.970945
20210618034203729,0.161116,0.098125,-0.96768
20210618034203831,0.156378,0.0994098,-0.986544
20210618034203933,0.154172,0.0964048,-0.996154
20210618034204029,0.159672,0.0883252,-0.978771
20210618034204131,0.164203,0.0855149,-0.98472
20210618034204233,0.169951,0.101281,-0.994129
20210618034204329,0.176681,0.103129,-0.981303
20210618034204437,0.19077,0.0903649,-0.970055
20210618034204533,0.204975,0.0931009,-0.977391
20210618034204629,0.206052,0.107932,-0.984101
20210618034204731,0.215621,0.107836,-0.97399
20210618034204833,0.228993,0.12042,-0.967481
20210618034204929,0.239602,0.116826,-0.963947
20210618034205031,0.246265,0.121782,-0.971276
20210618034205133,0.252999,0.122872,-0.97373
20210618034205229,0.249311,0.132734,-0.978709
20210618034205331,0.245505,0.141043,-0.977797
20210618034205434,0.244881,0.139818,-0.97907
20210618034205529,0.241915,0.122911,-0.970223
20210618034205631,0.236236,0.117143,-0.960155
20210618034205733,0.219328,0.123177,-0.96958
20210618034205829,0.196503,0.147607,-0.979566
20210618034205931,0.183215,0.13854,-0.981077
20210618034206033,0.176308,0.138967,-0.987539
20210618034206129,0.178046,0.129317,-0.98672
20210618034206231,0.188695,0.120028,-0.982869
20210618034206333,0.187573,0.120459,-0.969767
20210618034206429,0.182948,0.122401,-0.976179
20210618034206531,0.180827,0.135409,-0.970071
20210618034206633,0.177146,0.121913,-0.989506
20210618034206729,0.189674,0.108649,-0.996257
20210618034206831,0.19071,0.0979541,-1.00317
20210618034206933,0.187725,0.101388,-0.995361
20210618034207131,0.18095,0.123659,-0.972836
20210618034207131,0.178612,0.13689,-0.974607
20210618034207233,0.186014,0.129564,-0.966511
20210618034207329,0.19121,0.114651,-0.97704
20210618034207431,0.190686,0.0959503,-0.991817
20210618034207533,0.189114,0.0973584,-0.998112
20210618034207631,0.190701,0.102878,-0.98289
20210618034207731,0.181343,0.12191,-0.98101
20210618034207833,0.17067,0.116566,-0.980685
20210618034207929,0.158309,0.112746,-0.988014
20210618034208031,0.130172,0.104627,-0.987503
20210618034208133,0.0964358,0.0952941,-0.985694
20210618034208229,0.104775,0.0930765,-0.972847
20210618034208331,0.0903327,0.0911585,-0.991024
20210618034208433,0.091717,0.0832551,-1.00368
20210618034208535,0.0810508,0.0673782,-1.00165
20210618034208631,0.0779987,0.0491919,-0.993708
20210618034208733,0.0747078,0.032806,-0.988346
20210618034208835,0.0709248,0.00863488,-0.981192
20210618034208931,0.0696533,-0.011011,-0.986724
20210618034209033,0.0675668,-0.0266866,-0.997126
20210618034209135,0.0654963,-0.0327685,-0.996668
20210618034209231,0.0593299,-0.0399021,-0.992819
20210618034209333,0.062616,-0.0344618,-0.990795
20210618034209435,0.0741308,-0.0507489,-0.987218
20210618034209536,0.0875053,-0.0598811,-0.989113
20210618034209633,0.0999504,-0.0551201,-0.981182
20210618034209735,0.111909,-0.0589861,-0.993929
20210618034209831,0.129556,-0.0617332,-0.984203
20210618034209933,0.128941,-0.0763732,-0.979828
20210618034210035,0.137862,-0.0782416,-0.974538
20210618034210131,0.138162,-0.0807779,-0.978874
20210618034210233,0.14184,-0.0828054,-0.989892
20210618034210335,0.13726,-0.0926004,-1.00454
20210618034210437,0.116698,-0.103075,-0.995781
20210618034210532,0.114748,-0.115998,-0.97484
20210618034210635,0.128643,-0.110764,-0.97297
20210618034210736,0.135622,-0.100583,-0.976929
20210618034210833,0.131864,-0.093828,-0.986616
20210618034210935,0.130134,-0.107459,-1.00394
20210618034211037,0.137475,-0.109132,-0.984756
20210618034211133,0.130255,-0.11857,-0.988833
20210618034211235,0.123144,-0.101778,-0.994587
20210618034211336,0.124833,-0.111251,-0.988481
20210618034211433,0.12877,-0.125023,-0.99814
20210618034211534,0.130669,-0.116715,-0.985032
20210618034211636,0.131321,-0.108745,-0.972838
20210618034211732,0.125791,-0.149957,-0.961939
20210618034211834,0.119633,-0.101863,-1.00262
20210618034211936,0.113511,-0.0592663,-1.05905
20210618034212032,0.119924,-0.0808239,-1.03547
20210618034212140,0.127927,-0.11261,-1.00646
20210618034212236,0.125311,-0.131806,-0.958831
20210618034212332,0.127137,-0.136627,-0.951793
20210618034212434,0.13432,-0.0590183,-1.02564
20210618034212536,0.149251,-0.0557454,-1.01622
20210618034212632,0.135038,-0.0860649,-1.00156
20210618034212735,0.120588,-0.0839789,-0.980163
20210618034212836,0.112354,-0.0798944,-0.980604
20210618034212932,0.108692,-0.0642018,-0.995225
20210618034213034,0.104216,-0.0677447,-0.993983
20210618034213136,0.100108,-0.0773967,-0.989041
20210618034213232,0.097866,-0.0735948,-0.983301
20210618034213334,0.096054,-0.0689624,-0.998596
20210618034213436,0.09316,-0.0736077,-1.00624
20210618034213532,0.087736,-0.0747442,-0.997504
20210618034213634,0.0725576,-0.0755221,-0.99311
20210618034213736,0.0632792,-0.0768921,-0.999793
20210618034213832,0.061978,-0.0672845,-1.00499
20210618034213934,0.0557608,-0.0633737,-1.00277
20210618034214036,0.044136,-0.0646283,-0.997354
20210618034214132,0.0422425,-0.0597222,-0.997956
20210618034214234,0.0421407,-0.0663651,-1.00903
20210618034214336,0.0210721,-0.0664386,-0.998115
20210618034214432,-0.00300215,-0.0561995,-0.989833
20210618034214534,-0.00591436,-0.0470661,-0.992445
20210618034214636,-0.0106301,-0.0343736,-1.00323
20210618034214732,-0.0278088,-0.0246597,-1.01146
20210618034214834,-0.044474,-0.0264308,-0.996096
20210618034214936,-0.0308566,-0.0179966,-0.997914
20210618034215032,-0.0272939,-0.0129968,-1.00014
20210618034215134,-0.0350863,-0.00978493,-0.998676
20210618034215236,-0.0409618,0.00233599,-1.01083
20210618034215332,-0.0295347,0.012141,-1.01173
20210618034215434,-0.0277886,0.0208537,-1.01302
20210618034215536,-0.0317575,0.0275932,-0.996149
20210618034215632,-0.038558,0.029263,-0.99531
20210618034215734,-0.0339679,0.0322389,-1.00088
20210618034215836,-0.0339782,0.0162894,-1.01056
20210618034215932,-0.034391,0.00790624,-1.00886
20210618034216034,-0.034832,0.0202906,-1.00208
20210618034216136,-0.0431066,0.0183835,-0.997714
20210618034216232,-0.0377436,0.0203468,-0.996533
20210618034216334,-0.0349964,0.0169171,-1.00719
20210618034216436,-0.0488934,0.0255489,-1.00643
20210618034216532,-0.0593886,0.0198035,-1.01137
20210618034216634,-0.0669666,0.0144624,-1.00298
20210618034216736,-0.0638187,0.0236945,-1.01042
20210618034216832,-0.0506709,0.0225953,-1.00538
20210618034216934,-0.0498494,0.0120807,-0.999606
20210618034217036,-0.0539147,0.0163888,-1.00366
20210618034217132,-0.0581109,0.0241107,-1.01219
20210618034217240,-0.0592093,0.0277031,-1.00891
20210618034217336,-0.0630822,0.0282486,-1.01301
20210618034217432,-0.0736288,0.0252706,-1.00498
20210618034217534,-0.0666359,0.0212131,-1.00594
20210618034217636,-0.0650126,0.0168599,-1.00252
20210618034217732,-0.0555465,0.0200312,-1.00666
20210618034217834,-0.0607553,0.0228775,-1.00839
20210618034217936,-0.0625292,0.023158,-1.00538
20210618034218032,-0.0698117,0.0253485,-1.00947
20210618034218134,-0.0649693,0.028206,-1.00915
20210618034218236,-0.0613438,0.0237684,-0.999441
20210618034218332,-0.0601572,0.019214,-1.00381
20210618034218434,-0.0589177,0.0243051,-1.0084
20210618034218536,-0.0586611,0.0290414,-1.00755
20210618034218634,-0.0579329,0.0273604,-1.00581
20210618034218734,-0.0561634,0.0220465,-1.00558
20210618034218836,-0.0557646,0.0258016,-1.00846
20210618034218932,-0.0537497,0.027119,-1.00536
20210618034219034,-0.0510211,0.0238949,-1.00456
20210618034219136,0.0179452,0.0233354,-1.00902
20210618034219232,0.0988633,0.0206934,-1.00724
20210618034219334,0.0805422,0.0208066,-0.990961
20210618034219436,0.059602,0.022135,-0.98003
20210618034219532,0.0839605,0.0198305,-0.995164
20210618034219634,0.0793177,0.0202556,-1.00092
20210618034219736,0.0667638,0.0222041,-0.995847
20210618034219934,0.0773077,0.0217296,-0.997187
20210618034219934,0.0766649,0.0200354,-0.997266
20210618034220036,0.0718111,0.0200392,-0.995436
20210618034220138,0.074173,0.0213073,-0.997676
20210618034220234,0.0753125,0.0205357,-0.996071
20210618034220336,0.0739857,0.0202387,-0.996236
20210618034220438,0.073623,0.021354,-0.996734
20210618034220534,0.0757024,0.0206719,-0.995729
20210618034220636,0.0742497,0.0209568,-0.996005
20210618034220738,0.0740622,0.021938,-0.996877
20210618034220834,0.0751951,0.0197053,-0.995727
20210618034220936,0.0748292,0.0219709,-0.996457
20210618034221038,0.0740739,0.0211079,-0.996563
20210618034221134,0.0751271,0.0202777,-0.996231
20210618034221236,0.0746897,0.0219601,-0.996481
20210618034221338,0.0744148,0.0204351,-0.996591
20210618034221434,0.0744814,0.0206617,-0.995807
20210618034221536,0.0752982,0.0217404,-0.996773
20210618034221638,0.0744419,0.0206088,-0.996893
20210618034221734,0.073626,0.0214183,-0.995678
20210618034221836,0.0756942,0.0217236,-0.996537
20210618034221938,0.0742771,0.0193668,-0.996782
20210618034222034,0.0747548,0.0213099,-0.996393
20210618034222136,0.0751484,0.0223758,-0.996394
20210618034222238,0.0745975,0.0194661,-0.996617
20210618034222340,0.0741675,0.020376,-0.996291
20210618034222436,0.0750457,0.0220377,-0.996541
20210618034222538,0.0747354,0.0201139,-0.996593
20210618034222634,0.0744577,0.0205697,-0.996075
20210618034222736,0.0749883,0.022028,-0.99689
20210618034222838,0.0748313,0.0204783,-0.996338
20210618034222934,0.0742364,0.0200439,-0.996452
20210618034223036,0.0739238,0.0215321,-0.996496
20210618034223138,0.0749666,0.0211095,-0.996429
20210618034223234,0.0763171,0.0198589,-0.997097
20210618034223336,0.0732742,0.0219011,-0.995691
20210618034223438,0.0740362,0.0213661,-0.99684
20210618034223534,0.0761677,0.0200677,-0.996567
20210618034223636,0.0741901,0.0219394,-0.996031
20210618034223738,0.0740134,0.021717,-0.996871
20210618034223834,0.0753679,0.019795,-0.996215
20210618034223936,0.0748202,0.0212474,-0.996341
20210618034224038,0.0739937,0.0220018,-0.996868
20210618034224134,0.0755685,0.0196317,-0.996124
20210618034224236,0.0742404,0.020884,-0.996336
20210618034224338,0.0744924,0.0220513,-0.996749
20210618034224434,0.0750324,0.0198821,-0.996391
20210618034224536,0.0745396,0.0209438,-0.996137
20210618034224638,0.0747862,0.0216571,-0.99699
20210618034224734,0.0747163,0.0201005,-0.996279
20210618034224836,0.0750144,0.0215769,-0.996395
20210618034224944,0.0743003,0.0212999,-0.996733
20210618034225034,0.0747842,0.0192633,-0.996593
20210618034225136,0.0751391,0.0219281,-0.996255
20210618034225238,0.0739268,0.0222501,-0.99689
20210618034225334,0.0749039,0.0195886,-0.996455
20210618034225436,0.0750213,0.0207851,-0.996517
20210618034225538,0.0745077,0.0216071,-0.996632
20210618034225634,0.074406,0.0203845,-0.996889
20210618034225736,0.0744749,0.0213703,-0.996319
20210618034225838,0.0742357,0.0206509,-0.996228
20210618034225934,0.0750325,0.0195439,-0.996567
20210618034226037,0.0744703,0.0217207,-0.996789
20210618034226138,0.0739066,0.0216461,-0.996343
20210618034226234,0.0750956,0.0200259,-0.996253
20210618034226336,0.0746361,0.021485,-0.996496
20210618034226438,0.0743589,0.0218846,-0.996305
20210618034226540,0.0753704,0.0197712,-0.996646
20210618034226636,0.0746305,0.0215837,-0.996209
20210618034226738,0.0745524,0.0211872,-0.996702
20210618034226840,0.0749274,0.0196471,-0.996689
20210618034226936,0.0746683,0.0218539,-0.99636
20210618034227038,0.0745009,0.0214502,-0.996579
20210618034227140,0.0750923,0.0199749,-0.995553
20210618034227236,0.0748736,0.0212527,-0.997076
20210618034227338,0.074365,0.0213213,-0.996532
20210618034227440,0.0746197,0.0202108,-0.996146
20210618034227536,0.0746144,0.0217579,-0.996756
20210618034227638,0.0748306,0.0211815,-0.996714
20210618034227740,0.074646,0.0204039,-0.996516
20210618034227842,0.0743062,0.0220925,-0.996156
20210618034227938,0.0739813,0.0201101,-0.996529
20210618034228040,0.0755253,0.0202066,-0.996552
20210618034228142,0.0739124,0.022683,-0.995952
20210618034228238,0.0747266,0.0203521,-0.997512
20210618034228340,0.0748647,0.0204027,-0.99637
20210618034228442,0.0741311,0.0222054,-0.995749
20210618034228538,0.0743283,0.0210812,-0.997111
20210618034228640,0.0745477,0.0201605,-0.995793
20210618034228742,0.0748698,0.021028,-0.996676
20210618034228838,0.0742838,0.0208957,-0.997037
20210618034228940,0.0748579,0.0206448,-0.996021
20210618034229042,0.0749886,0.0215372,-0.996962
20210618034229138,0.0740855,0.0200448,-0.996973
20210618034229240,0.0745553,0.0212292,-0.995566
20210618034229342,0.0752879,0.0217391,-0.997613
20210618034229438,0.0740478,0.0196498,-0.996207
20210618034229540,0.0742012,0.0207889,-0.995768
20210618034229642,0.0756253,0.0221503,-0.997485
20210618034229738,0.0739082,0.0201392,-0.996038
20210618034229840,0.0739845,0.0207843,-0.996015
20210618034229942,0.0756772,0.0217025,-0.997208
20210618034230044,0.0738746,0.0201931,-0.996529
20210618034230140,0.074511,0.0213265,-0.996307
20210618034230242,0.0755653,0.0218864,-0.996724
20210618034230338,0.0736263,0.0197293,-0.996364
20210618034230440,0.0744017,0.0215322,-0.996484
20210618034230542,0.0759096,0.0217446,-0.996741
20210618034230638,0.0739609,0.0198486,-0.995796
20210618034230740,0.0743453,0.021577,-0.996943
20210618034230842,0.0756039,0.0215091,-0.996272
20210618034230938,0.0740468,0.0203458,-0.996504
20210618034231040,0.0745644,0.021521,-0.996942
20210618034231142,0.0747404,0.0196714,-0.996071
20210618034231238,0.0750461,0.0207357,-0.997056
20210618034231340,0.0739411,0.0237787,-0.996124
20210618034231442,0.0748623,0.019568,-0.995062
20210618034231538,0.0747622,0.0185561,-0.997372
20210618034231640,0.0748737,0.0210239,-0.996696
20210618034231742,0.075413,0.0213049,-0.99585
20210618034231838,0.0739863,0.0223725,-0.996106
20210618034231940,0.0754479,0.0206744,-0.997641
20210618034232042,0.0742246,0.021466,-0.996414
20210618034232138,0.0745591,0.0210618,-0.996659
20210618034232240,0.0749873,0.0226031,-0.996699
20210618034232342,0.0742216,0.0211024,-0.996287
20210618034232438,0.0752904,0.020006,-0.996337
20210618034232540,0.0747536,0.0225673,-0.996374
20210618034232738,0.0738267,0.0212878,-0.996595
20210618034232738,0.0754595,0.0202596,-0.996113
20210618034232840,0.0749439,0.0223156,-0.996758
20210618034232942,0.0741276,0.0212994,-0.996989
20210618034233038,0.0762983,0.0175532,-0.988019
20210618034233140,0.0761748,0.0243935,-0.997569
20210618034233242,0.0720418,0.023869,-1.00277
20210618034233338,0.0731278,0.0244764,-0.989176
20210618034233440,0.0746965,0.0184139,-0.992744
20210618034233542,0.0786628,0.0229427,-1.00554
20210618034233638,0.0795901,0.0279032,-1.00054
20210618034233740,0.0705801,0.0263204,-0.993628
20210618034233842,0.0749745,0.0208433,-0.996394
20210618034233938,0.083811,0.0236803,-1.00142
20210618034234040,0.0700565,0.0235115,-0.992894
20210618034234142,0.0765326,0.0197634,-0.993792
20210618034234238,0.0806205,0.0276248,-0.987475
20210618034234340,0.0668699,0.0268534,-0.998192
20210618034234442,0.0762337,0.0189431,-0.999276
20210618034234538,0.0772401,0.0242803,-0.994614
20210618034234640,0.0756691,0.0266109,-0.99584
20210618034234742,0.0764454,0.0223209,-0.997387
20210618034234838,0.0759403,0.0206542,-0.995908
20210618034234940,0.0760736,0.0234309,-0.996407
20210618034235042,0.0751332,0.024318,-0.996799
20210618034235143,0.0773607,0.0228703,-0.995855
20210618034235240,0.0754594,0.0201586,-0.996688
20210618034235342,0.0766098,0.0228026,-0.997163
20210618034235437,0.0764224,0.0277371,-0.995777
20210618034235539,0.0755927,0.0219021,-0.995333
20210618034235642,0.0755859,0.017838,-0.996147
20210618034235738,0.0760765,0.0243197,-0.997708
20210618034235840,0.0783611,0.0250909,-0.995149
20210618034235941,0.0770357,0.0228198,-0.996909
20210618034236037,0.0743458,0.0223951,-0.999642
20210618034236139,0.07677,0.019347,-0.993366
20210618034236242,0.0763858,0.0233217,-0.994247
20210618034236337,0.0765046,0.0250495,-0.998928
20210618034236440,0.0766286,0.0221195,-0.995963
20210618034236542,0.07666,0.0209646,-0.995342
20210618034236637,0.0770343,0.023184,-0.998421
20210618034236739,0.0750701,0.0227278,-0.995869
20210618034236841,0.0761353,0.0228836,-0.995704
20210618034236937,0.0754696,0.0216965,-0.996224
20210618034237039,0.0756591,0.0212372,-0.996462
20210618034237141,0.0768116,0.0239039,-0.996956
20210618034237237,0.0749964,0.0235628,-0.995879
20210618034237339,0.075572,0.0200519,-0.997025
20210618034237441,0.0769019,0.0223422,-0.995969
20210618034237537,0.0757533,0.0242865,-0.995819
20210618034237639,0.0762871,0.0228578,-0.998412
20210618034237747,0.0769271,0.0212787,-0.994937
20210618034237837,0.0758466,0.0216616,-0.9948
20210618034237939,0.0767485,0.0247023,-0.998701
20210618034238042,0.0761701,0.0241875,-0.995842
20210618034238137,0.0759928,0.0206142,-0.995986
20210618034238239,0.0754065,0.0217651,-0.996843
20210618034238341,0.0769966,0.025264,-0.996017
20210618034238437,0.0756389,0.0226545,-0.996306
20210618034238539,0.0760843,0.0218601,-0.996768
20210618034238641,0.0763298,0.0221202,-0.995884
20210618034238737,0.0767126,0.0225757,-0.996835
20210618034238839,0.0757701,0.0250386,-0.996318
20210618034238941,0.0761146,0.0215031,-0.996021
20210618034239037,0.0763235,0.0205363,-0.996442
20210618034239139,0.0758567,0.0242916,-0.996464
20210618034239241,0.0759968,0.0232581,-0.996439
20210618034239337,0.0767347,0.0209244,-0.99573
20210618034239439,0.0762095,0.0228911,-0.996462
20210618034239541,0.0762695,0.023115,-0.996538
20210618034239637,0.0759227,0.0225474,-0.995874
20210618034239739,0.0761859,0.0227645,-0.99609
20210618034239841,0.0759136,0.0224986,-0.996338
20210618034239937,0.0762883,0.0216241,-0.996435
20210618034240039,0.0762391,0.0234982,-0.996283
20210618034240141,0.0763121,0.0236086,-0.996679
20210618034240237,0.0756202,0.0208609,-0.996445
20210618034240339,0.0759676,0.0227207,-0.995924
20210618034240441,0.0760713,0.0233891,-0.996416
20210618034240537,0.0757321,0.0211304,-0.996509
